Job Title,SalaryLow,SalaryHigh,Type of ownership,Industry,Sector
Data Scientist,53,91,Company - Private,Aerospace & Defense,Aerospace & Defense
Healthcare Data Scientist,63,112,Other Organization,Health Care Services & Hospitals,Health Care
Data Scientist,80,90,Company - Private,Security Services,Business Services
Data Scientist,56,97,Government,Energy,"Oil, Gas, Energy & Utilities"
Data Scientist,86,143,Company - Private,Advertising & Marketing,Business Services
Data Scientist,71,119,Company - Public,Real Estate,Real Estate
Data Scientist,54,93,Company - Private,Banks & Credit Unions,Finance
Data Scientist,86,142,Company - Private,Consulting,Business Services
Research Scientist,38,84,Hospital,Health Care Services & Hospitals,Health Care
Data Scientist,120,160,Company - Private,Internet,Information Technology
Data Scientist,126,201,Company - Private,Other Retail Stores,Retail
Data Scientist,64,106,Company - Public,Research & Development,Business Services
Staff Data Scientist - Technology,106,172,Company - Public,"Department, Clothing, & Shoe Stores",Retail
Data Analyst,46,85,Company - Private,Advertising & Marketing,Business Services
Data Scientist,83,144,Company - Public,Biotech & Pharmaceuticals,Biotech & Pharmaceuticals
Data Engineer I,102,190,Subsidiary or Business Segment,Motion Picture Production & Distribution,Media
"Scientist I/II, Biology",67,137,Company - Public,Biotech & Pharmaceuticals,Biotech & Pharmaceuticals
Customer Data Scientist,118,189,Company - Private,Enterprise Software & Network Solutions,Information Technology
Data Scientist - Health Data Analytics,110,175,Company - Private,Enterprise Software & Network Solutions,Information Technology
Data Scientist,64,111,Nonprofit Organization,Insurance Carriers,Insurance
Data Scientist,81,130,Company - Private,Internet,Information Technology
Senior Data Scientist / Machine Learning,73,119,Company - Private,Insurance Agencies & Brokerages,Insurance
Data Scientist - Quantitative,86,139,Company - Private,Logistics & Supply Chain,Transportation & Logistics
Data Scientist,63,105,Nonprofit Organization,Logistics & Supply Chain,Transportation & Logistics
Data Scientist,109,177,Company - Private,Enterprise Software & Network Solutions,Information Technology
Digital Health Data Scientist,63,110,Company - Public,Biotech & Pharmaceuticals,Biotech & Pharmaceuticals
Data Scientist,75,124,Company - Private,Banks & Credit Unions,Finance
Associate Data Analyst,34,61,Company - Public,Insurance Carriers,Insurance
Clinical Data Scientist,63,105,Company - Public,Biotech & Pharmaceuticals,Biotech & Pharmaceuticals
Data Scientist,80,90,Company - Private,Security Services,Business Services
Data Scientist,56,97,Government,Energy,"Oil, Gas, Energy & Utilities"
Data Scientist,72,120,Company - Private,Real Estate,Real Estate
Data Scientist / Machine Learning Expert,86,143,Company - Public,Biotech & Pharmaceuticals,Biotech & Pharmaceuticals
Data Scientist,93,149,Company - Public,Telecommunications Services,Telecommunications
Data Scientist,85,140,Company - Private,Biotech & Pharmaceuticals,Biotech & Pharmaceuticals
Web Data Analyst,77,135,Company - Private,IT Services,Information Technology
Data Scientist,82,132,Company - Private,Computer Hardware & Software,Information Technology
Data Scientist,83,137,Company - Private,Aerospace & Defense,Aerospace & Defense
Senior Data Scientist,115,180,Company - Public,Biotech & Pharmaceuticals,Biotech & Pharmaceuticals
Data Engineer,74,138,Company - Private,Insurance Carriers,Insurance
Data Scientist - Algorithms & Inference,110,175,Company - Private,Enterprise Software & Network Solutions,Information Technology
Scientist,52,113,Company - Public,Consumer Products Manufacturing,Manufacturing
Senior Data Scientist,110,150,Company - Public,Real Estate,Real Estate
Data Scientist,150,160,Company - Private,Enterprise Software & Network Solutions,Information Technology
Lead Data Scientist,158,211,Company - Public,IT Services,Information Technology
Associate Data Analyst,20,39,Company - Private,Enterprise Software & Network Solutions,Information Technology
Spectral Scientist/Engineer,56,117,Company - Private,Aerospace & Defense,Aerospace & Defense
College Hire - Data Scientist - Open to December 2019 Graduates,63,99,Company - Public,Industrial Manufacturing,Manufacturing
Data Scientist,68,114,Subsidiary or Business Segment,Advertising & Marketing,Business Services
"Data Scientist, Office of Data Science",86,143,Company - Private,Insurance Carriers,Insurance
Data Science Analyst,41,95,Company - Private,Aerospace & Defense,Aerospace & Defense
Data Scientist,86,144,Company - Public,Insurance Agencies & Brokerages,Insurance
Data Scientist,80,139,Company - Public,Aerospace & Defense,Aerospace & Defense
Data Scientist,56,95,Company - Public,Biotech & Pharmaceuticals,Biotech & Pharmaceuticals
Data Scientist,120,189,Company - Private,Enterprise Software & Network Solutions,Information Technology
Data Scientist,111,176,Company - Private,IT Services,Information Technology
Data Scientist,54,93,Company - Private,Banks & Credit Unions,Finance
Data Scientist,71,119,Company - Public,Real Estate,Real Estate
Senior Data Scientist,82,132,Subsidiary or Business Segment,Metals Brokers,Mining & Metals
Data Scientist,84,146,Company - Private,Consulting,Business Services
Senior Risk Data Scientist,107,172,Company - Public,Financial Transaction Processing,Finance
Data Scientist in Artificial Intelligence Early Career,49,85,Government,Energy,"Oil, Gas, Energy & Utilities"
Data Scientist,61,109,Company - Public,Sporting Goods Stores,Retail
Data Scientist,88,148,Company - Private,Biotech & Pharmaceuticals,Biotech & Pharmaceuticals
Data Scientist,60,99,Company - Private,Computer Hardware & Software,Information Technology
Data Scientist - Research,41,72,Company - Public,Advertising & Marketing,Business Services
Data Scientist,96,161,Company - Private,Staffing & Outsourcing,Business Services
R&D Data Analysis Scientist,65,130,Company - Public,Computer Hardware & Software,Information Technology
Analytics Consultant,52,81,Company - Private,Enterprise Software & Network Solutions,Information Technology
"Director, Data Science",139,220,Company - Public,Wholesale,Business Services
Scientist,50,102,Subsidiary or Business Segment,Research & Development,Business Services
Data Scientist SR,85,139,Company - Private,IT Services,Information Technology
Data Scientist,74,122,Company - Private,Mining,Mining & Metals
R&D Sr Data Scientist,99,157,Company - Public,Computer Hardware & Software,Information Technology
Customer Data Scientist/Sales Engineer (Bay,79,222,Company - Private,Enterprise Software & Network Solutions,Information Technology
Research Scientist,57,118,Company - Private,Biotech & Pharmaceuticals,Biotech & Pharmaceuticals
Data Scientist,83,137,Company - Private,Aerospace & Defense,Aerospace & Defense
Data Scientist,86,141,Company - Private,IT Services,Information Technology
Data Scientist,94,154,Company - Private,Health Care Services & Hospitals,Health Care
Jr. Business Data Analyst,37,76,Company - Private,Advertising & Marketing,Business Services
Data Scientist,100,160,Nonprofit Organization,Aerospace & Defense,Aerospace & Defense
Data Analyst,55,100,Company - Private,Computer Hardware & Software,Information Technology
Data Engineer,60,114,Company - Private,Consulting,Business Services
Data Analyst,39,68,Company - Private,Wholesale,Business Services
Staff Data Scientist - Technology,106,172,Company - Public,"Department, Clothing, & Shoe Stores",Retail
Data Scientist,86,142,Company - Private,Consulting,Business Services
Data Scientist,64,107,Company - Private,Enterprise Software & Network Solutions,Information Technology
Data Management Specialist,31,65,Company - Private,IT Services,Information Technology
E-Commerce Data Analyst,34,62,Company - Private,Enterprise Software & Network Solutions,Information Technology
Sr. Scientist II,117,231,Company - Public,Biotech & Pharmaceuticals,Biotech & Pharmaceuticals
Insurance Data Scientist,64,106,Company - Public,Financial Analytics & Research,Finance
Data Modeler,79,134,Company - Private,IT Services,Information Technology
Data Analyst / Scientist,52,93,Company - Private,IT Services,Information Technology
Scientist,55,116,Subsidiary or Business Segment,IT Services,Information Technology
Data Scientist,72,123,Nonprofit Organization,Federal Agencies,Government
Data Scientist,74,124,Company - Private,IT Services,Information Technology
Data Analyst,40,73,Company - Private,Insurance Carriers,Insurance
Lead Data Scientist,102,164,Company - Private,IT Services,Information Technology
Data Scientist,89,153,Company - Private,Research & Development,Business Services
Data Scientist,61,110,Company - Private,Security Services,Business Services
"Data Scientist, Rice University",65,110,Subsidiary or Business Segment,Education Training Services,Education
Senior Data Scientist,200,275,Company - Private,Consulting,Business Services
Data Engineer,68,123,Company - Private,IT Services,Information Technology
Senior Data Scientist,80,129,Company - Public,Transportation Equipment Manufacturing,Manufacturing
Financial Data Analyst,41,72,Company - Private,Computer Hardware & Software,Information Technology
Senior Data Analyst,39,71,Company - Private,Enterprise Software & Network Solutions,Information Technology
Research Scientist,38,85,Hospital,Health Care Services & Hospitals,Health Care
Data Scientist,121,193,Company - Private,Computer Hardware & Software,Information Technology
Data Engineer,54,102,Company - Private,Internet,Information Technology
Data Scientist,83,144,Company - Public,Biotech & Pharmaceuticals,Biotech & Pharmaceuticals
Data Scientist,120,160,Company - Private,Internet,Information Technology
Data Scientist,102,163,Company - Private,Enterprise Software & Network Solutions,Information Technology
Data Engineer,76,140,Company - Public,Computer Hardware & Software,Information Technology
Ag Data Scientist,60,101,Company - Private,Farm Support Services,Agriculture & Forestry
Data Scientist,82,133,Company - Private,Health Care Services & Hospitals,Health Care
Data Engineer,65,125,Company - Private,Consulting,Business Services
Data Scientist II,91,148,Nonprofit Organization,Health Care Services & Hospitals,Health Care
Senior Data Engineer,95,173,Company - Private,Advertising & Marketing,Business Services
Data Scientist,77,124,Company - Private,Enterprise Software & Network Solutions,Information Technology
Data Scientist,80,135,Company - Public,TV Broadcast & Cable Networks,Media
Data Engineer,85,159,Company - Private,Internet,Information Technology
Data Engineer,80,105,Company - Public,Real Estate,Real Estate
Data Analyst,43,81,Company - Private,Research & Development,Business Services
Project Scientist,29,50,Unknown,Architectural & Engineering Services,Business Services
Data Scientist,82,133,Company - Private,Industrial Manufacturing,Manufacturing
Data Analytics Manager,26,55,Company - Private,Staffing & Outsourcing,Business Services
Senior Machine Learning (ML) Engineer / Data Scientist - Cyber Security Analytics,61,118,Company - Public,IT Services,Information Technology
Data Scientist,60,102,Company - Private,Consulting,Business Services
Senior Data Scientist,112,182,Company - Private,Enterprise Software & Network Solutions,Information Technology
Data Scientist,64,106,Company - Private,Brokerage Services,Finance
Associate Scientist,51,112,Company - Private,Consumer Products Manufacturing,Manufacturing
"Scientist 2, QC Viral Vector",113,223,Company - Public,Biotech & Pharmaceuticals,Biotech & Pharmaceuticals
Machine Learning Engineer,72,129,Company - Private,Aerospace & Defense,Aerospace & Defense
Data Scientist/ML Engineer,71,123,Company - Private,Consulting,Business Services
Data Scientist,64,106,Company - Public,Research & Development,Business Services
Customer Data Scientist,118,189,Company - Private,Enterprise Software & Network Solutions,Information Technology
Data Engineer,120,145,Company - Private,IT Services,Information Technology
Data Engineer,80,120,Company - Private,Computer Hardware & Software,Information Technology
Sr. Data Scientist,80,130,Company - Private,Travel Agencies,Travel & Tourism
Data Engineer 4 - Contract,59,115,Nonprofit Organization,Religious Organizations,Non-Profit
Data Analyst - Asset Management,71,136,Company - Private,Real Estate,Real Estate
Senior Research Scientist - Embedded System Development for DevOps,81,167,College / University,Colleges & Universities,Education
Data Scientist - Bioinformatics,49,85,Government,Energy,"Oil, Gas, Energy & Utilities"
Data Engineer,60,114,Company - Private,IT Services,Information Technology
Customer Data Scientist/Sales Engineer,71,204,Company - Private,Enterprise Software & Network Solutions,Information Technology
Lead Data Scientist,75,125,Company - Private,Advertising & Marketing,Business Services
MongoDB Data Engineer II,77,136,Nonprofit Organization,Insurance Carriers,Insurance
Senior Data Scientist Statistics,74,123,Government,Energy,"Oil, Gas, Energy & Utilities"
Senior Data Analyst,44,78,Company - Private,Security Services,Business Services
Senior Spark Engineer (Data Science),65,148,Company - Private,Consulting,Business Services
Data Engineer,59,110,Company - Private,Internet,Information Technology
BI & Platform Analytics Manager,85,134,Company - Public,Consumer Products Manufacturing,Manufacturing
Lead Data Scientist,124,204,Company - Private,Insurance Carriers,Insurance
"Sr. Data Scientist - Analytics, Personalized Healthcare (PHC)",131,207,Subsidiary or Business Segment,Biotech & Pharmaceuticals,Biotech & Pharmaceuticals
Senior Data Scientist,110,174,Company - Public,Telecommunications Services,Telecommunications
Pricipal Scientist Molecular and cellular biologist,52,101,Company - Public,Biotech & Pharmaceuticals,Biotech & Pharmaceuticals
"Data Scientist (Actuary, FSA or ASA)",81,133,Company - Private,Insurance Carriers,Insurance
Staff Data Scientist,132,211,Company - Public,Computer Hardware & Software,Information Technology
Senior Data Scientist / Machine Learning,73,119,Company - Private,Insurance Agencies & Brokerages,Insurance
Data Scientist - Health Data Analytics,110,175,Company - Private,Enterprise Software & Network Solutions,Information Technology
Data Engineer 5 - Contract (Remote),74,140,Nonprofit Organization,Religious Organizations,Non-Profit
Senior Scientist - Neuroscience,100,190,Company - Private,Biotech & Pharmaceuticals,Biotech & Pharmaceuticals
Senior Data Analyst,43,80,Nonprofit Organization,Colleges & Universities,Education
Medical Lab Scientist,35,50,Nonprofit Organization,Health Care Services & Hospitals,Health Care
"Risk and Analytics IT, Data Scientist",91,149,Government,Investment Banking & Asset Management,Finance
"Scientist, Analytical Development",42,82,Company - Public,Biotech & Pharmaceuticals,Biotech & Pharmaceuticals
Senior Data Scientist,116,185,Company - Public,Computer Hardware & Software,Information Technology
Analytics Manager,59,116,Company - Private,Advertising & Marketing,Business Services
Data Engineer,48,95,Company - Public,Advertising & Marketing,Business Services
Digital Marketing & ECommerce Data Analyst,31,72,Subsidiary or Business Segment,"Department, Clothing, & Shoe Stores",Retail
Sr. Scientist - Digital & Image Analysis/Computational Pathology,105,198,Company - Public,Biotech & Pharmaceuticals,Biotech & Pharmaceuticals
Senior Data Analyst,55,100,Company - Private,IT Services,Information Technology
Principal Scientist - Immunologist,98,182,Company - Public,Biotech & Pharmaceuticals,Biotech & Pharmaceuticals
Senior Data Scientist,73,124,Company - Private,Insurance Carriers,Insurance
Principal Data Scientist with over 10 years experience,200,250,Company - Private,IT Services,Information Technology
MED TECH/LAB SCIENTIST - LABORATORY,44,71,Nonprofit Organization,Health Care Services & Hospitals,Health Care
"Sr. Scientist, Quantitative Translational Sciences",117,206,Company - Public,Biotech & Pharmaceuticals,Biotech & Pharmaceuticals
Sr. Data Scientist II,111,183,Company - Public,Insurance Carriers,Insurance
Excel / VBA / SQL Data Analyst,44,78,Company - Private,Energy,"Oil, Gas, Energy & Utilities"
Machine Learning Research Scientist,81,159,College / University,Colleges & Universities,Education
"VP, Data Science",83,166,Company - Public,Lending,Finance
Senior Data Scientist,114,182,Company - Private,Financial Analytics & Research,Finance
Radar Data Analyst,42,76,Company - Private,Aerospace & Defense,Aerospace & Defense
PL Actuarial-Lead Data Scientist,114,179,Company - Public,Insurance Carriers,Insurance
PV Scientist,60,123,Company - Public,Biotech & Pharmaceuticals,Biotech & Pharmaceuticals
Senior Data & Machine Learning Scientist,100,166,Company - Private,Biotech & Pharmaceuticals,Biotech & Pharmaceuticals
Principal Data Scientist (Computational Chemistry),108,173,Company - Private,Biotech & Pharmaceuticals,Biotech & Pharmaceuticals
Data Engineer,48,93,Company - Private,Computer Hardware & Software,Information Technology
"Principal Scientist, Chemistry & Immunology",54,115,Hospital,Health Care Services & Hospitals,Health Care
Software Engineer - Data Visualization,60,127,Company - Private,Computer Hardware & Software,Information Technology
"Scientist/Senior Scientist, Autoimmune",90,179,Company - Public,Biotech & Pharmaceuticals,Biotech & Pharmaceuticals
Staff Machine Learning Engineer,138,224,Company - Private,Internet,Information Technology
"Principal Scientist, Hematology",54,115,Hospital,Health Care Services & Hospitals,Health Care
Lead Data Engineer,190,220,Company - Private,Internet,Information Technology
Marketing Data Analyst,35,62,Company - Private,Gambling,"Arts, Entertainment & Recreation"
Medical Laboratory Scientist,37,52,Hospital,Health Care Services & Hospitals,Health Care
R&D Specialist/ Food Scientist,39,66,Company - Private,Food & Beverage Manufacturing,Manufacturing
Senior Research Scientist-Machine Learning,81,167,College / University,Colleges & Universities,Education
Analytics Manager - Data Mart,42,86,Nonprofit Organization,Health Care Services & Hospitals,Health Care
Sr. Data Engineer - Contract-to-Hire (Java),69,127,Company - Private,Gas Stations,Retail
MED TECH/LAB SCIENTIST- SOUTH COASTAL LAB,44,71,Nonprofit Organization,Health Care Services & Hospitals,Health Care
Food Scientist - Developer,40,68,Company - Private,Food & Beverage Manufacturing,Manufacturing
Staff Scientist-Downstream Process Development,49,113,Company - Private,Biotech & Pharmaceuticals,Biotech & Pharmaceuticals
Sr. Data Engineer,75,140,Company - Public,Transportation Management,Transportation & Logistics
Data Scientist - Quantitative,86,139,Company - Private,Logistics & Supply Chain,Transportation & Logistics
Data Scientist,66,112,Company - Public,Aerospace & Defense,Aerospace & Defense
Senior Research Statistician- Data Scientist,76,125,Company - Private,Insurance Carriers,Insurance
"Business Data Analyst, SQL",44,86,Company - Private,Travel Agencies,Travel & Tourism
Medical Technologist / Clinical Laboratory Scientist,31,52,Government,Federal Agencies,Government
Data Scientist,53,92,Subsidiary or Business Segment,Consulting,Business Services
Senior Data Analyst,44,78,Company - Private,Security Services,Business Services
BI & Platform Analytics Manager,85,134,Company - Public,Consumer Products Manufacturing,Manufacturing
Data Engineer,59,110,Company - Private,Internet,Information Technology
Data Scientist,64,111,Company - Private,Advertising & Marketing,Business Services
Data Analyst,65,120,Company - Public,Video Games,Media
Associate Data Scientist/Computer Scientist,60,103,Nonprofit Organization,Federal Agencies,Government
Business Intelligence Analyst / Developer,53,105,Company - Private,Trucking,Transportation & Logistics
Lead Data Scientist,124,204,Company - Private,Insurance Carriers,Insurance
"Sr. Data Scientist - Analytics, Personalized Healthcare (PHC)",131,207,Subsidiary or Business Segment,Biotech & Pharmaceuticals,Biotech & Pharmaceuticals
Senior Data Scientist,110,174,Company - Public,Telecommunications Services,Telecommunications
Data Analyst,33,62,Nonprofit Organization,Social Assistance,Non-Profit
Pricipal Scientist Molecular and cellular biologist,52,101,Company - Public,Biotech & Pharmaceuticals,Biotech & Pharmaceuticals
Data Analyst,48,90,Company - Private,Enterprise Software & Network Solutions,Information Technology
Data Analyst,34,64,Company - Private,Computer Hardware & Software,Information Technology
Staff Data Scientist,132,211,Company - Public,Computer Hardware & Software,Information Technology
"Data Scientist (Actuary, FSA or ASA)",81,133,Company - Private,Insurance Carriers,Insurance
System and Data Analyst,42,76,Company - Private,Enterprise Software & Network Solutions,Information Technology
Data Scientist,66,111,Company - Private,IT Services,Information Technology
Data Engineer 5 - Contract (Remote),74,140,Nonprofit Organization,Religious Organizations,Non-Profit
Digital Health Data Scientist,63,110,Company - Public,Biotech & Pharmaceuticals,Biotech & Pharmaceuticals
Data Scientist,63,105,Nonprofit Organization,Logistics & Supply Chain,Transportation & Logistics
Data & Analytics Consultant (NYC),91,138,Company - Private,Consulting,Business Services
Senior Scientist - Neuroscience,100,190,Company - Private,Biotech & Pharmaceuticals,Biotech & Pharmaceuticals
Data Engineer,62,114,Company - Public,Internet,Information Technology
Big Data Engineer - Chicago - Future Opportunity,71,129,Company - Private,Internet,Information Technology
Senior Data Analyst,43,80,Nonprofit Organization,Colleges & Universities,Education
Data Scientist,74,119,Company - Public,Advertising & Marketing,Business Services
Survey Data Analyst,55,97,Company - Private,Consulting,Business Services
Data Scientist,15,16,Company - Private,Research & Development,Business Services
Data Scientist,61,106,Company - Private,Advertising & Marketing,Business Services
"Risk and Analytics IT, Data Scientist",91,149,Government,Investment Banking & Asset Management,Finance
Data Scientist,127,199,Subsidiary or Business Segment,Biotech & Pharmaceuticals,Biotech & Pharmaceuticals
Lead Health Data Analyst - Front End,74,126,Nonprofit Organization,Insurance Carriers,Insurance
Research Scientist,33,72,Nonprofit Organization,Social Assistance,Non-Profit
Medical Lab Scientist,35,50,Nonprofit Organization,Health Care Services & Hospitals,Health Care
Junior Data Analyst,37,63,Nonprofit Organization,Health Care Services & Hospitals,Health Care
SQL Data Engineer,67,119,Company - Private,Consulting,Business Services
Data Scientist,72,117,Company - Private,Insurance Agencies & Brokerages,Insurance
Senior Data Scientist,116,185,Company - Public,Computer Hardware & Software,Information Technology
Data Scientist,78,126,Company - Public,Insurance Carriers,Insurance
"Scientist, Analytical Development",42,82,Company - Public,Biotech & Pharmaceuticals,Biotech & Pharmaceuticals
Analytics Manager,59,116,Company - Private,Advertising & Marketing,Business Services
Clinical Data Scientist,63,105,Company - Public,Biotech & Pharmaceuticals,Biotech & Pharmaceuticals
Data Scientist,109,177,Company - Private,Enterprise Software & Network Solutions,Information Technology
"Sr. Data Scientist, Cyber-Security LT Contract",116,194,Company - Private,Staffing & Outsourcing,Business Services
Data Engineer,48,95,Company - Public,Advertising & Marketing,Business Services
Data Scientist,83,133,Company - Private,Insurance Carriers,Insurance
Sr. Scientist - Digital & Image Analysis/Computational Pathology,105,198,Company - Public,Biotech & Pharmaceuticals,Biotech & Pharmaceuticals
Digital Marketing & ECommerce Data Analyst,31,72,Subsidiary or Business Segment,"Department, Clothing, & Shoe Stores",Retail
Principal Scientist - Immunologist,98,182,Company - Public,Biotech & Pharmaceuticals,Biotech & Pharmaceuticals
Senior Data Analyst,55,100,Company - Private,IT Services,Information Technology
Insurance Financial Data Analyst,45,82,Company - Private,Investment Banking & Asset Management,Finance
Data Scientist,83,135,Company - Private,IT Services,Information Technology
Data Scientist,70,122,Company - Public,Aerospace & Defense,Aerospace & Defense
Data Engineer,70,132,Company - Public,Lending,Finance
Senior Data Scientist,73,124,Company - Private,Insurance Carriers,Insurance
Data Engineer I - Azure,54,101,Company - Private,Industrial Manufacturing,Manufacturing
"Sr. Scientist, Quantitative Translational Sciences",117,206,Company - Public,Biotech & Pharmaceuticals,Biotech & Pharmaceuticals
MED TECH/LAB SCIENTIST - LABORATORY,44,71,Nonprofit Organization,Health Care Services & Hospitals,Health Care
Sr. Data Scientist II,111,183,Company - Public,Insurance Carriers,Insurance
Data Scientist,68,112,Company - Public,IT Services,Information Technology
Information Security Data Analyst,42,74,Company - Public,Banks & Credit Unions,Finance
Excel / VBA / SQL Data Analyst,44,78,Company - Private,Energy,"Oil, Gas, Energy & Utilities"
Machine Learning Research Scientist,81,159,College / University,Colleges & Universities,Education
Data Scientist,95,161,Company - Public,Auctions & Galleries,Retail
Data Scientist,75,124,Company - Private,Banks & Credit Unions,Finance
Data Scientist,72,120,Company - Private,Real Estate,Real Estate
Data Scientist,76,126,Company - Public,Biotech & Pharmaceuticals,Biotech & Pharmaceuticals
Senior Data Scientist,114,182,Company - Private,Financial Analytics & Research,Finance
"Data Scientist, Senior",108,176,Company - Private,Enterprise Software & Network Solutions,Information Technology
Senior Data Scientist,130,208,Company - Private,K-12 Education,Education
"VP, Data Science",83,166,Company - Public,Lending,Finance
Radar Data Analyst,42,76,Company - Private,Aerospace & Defense,Aerospace & Defense
CONSULTANT– DATA ANALYTICS GROUP,37,68,Company - Private,Consulting,Business Services
Data Engineer,52,99,Company - Private,IT Services,Information Technology
Senior Data Scientist,105,173,Company - Public,Insurance Agencies & Brokerages,Insurance
"Data Engineer, Data Engineering and Artifical Intelligence",71,134,Company - Public,Biotech & Pharmaceuticals,Biotech & Pharmaceuticals
Staff Scientist,39,82,Company - Private,Architectural & Engineering Services,Business Services
PL Actuarial-Lead Data Scientist,114,179,Company - Public,Insurance Carriers,Insurance
"Associate Scientist/Scientist, Process Analytical Technology - Small Molecule Analytical Chemistry",88,162,Subsidiary or Business Segment,Biotech & Pharmaceuticals,Biotech & Pharmaceuticals
Sr. Data Analyst,60,102,Company - Private,Insurance Carriers,Insurance
Senior Data & Machine Learning Scientist,100,166,Company - Private,Biotech & Pharmaceuticals,Biotech & Pharmaceuticals
Program/Data Analyst,55,99,Subsidiary or Business Segment,IT Services,Information Technology
Data Engineer,67,117,Company - Public,Research & Development,Business Services
Senior Data Scientist: Causal & Predictive analytics AI Innovation Lab,92,150,Company - Public,Biotech & Pharmaceuticals,Biotech & Pharmaceuticals
"Principal Data Engineer, Data Platform & Insights",116,209,Company - Public,Computer Hardware & Software,Information Technology
RESEARCH SCIENTIST - BIOLOGICAL SAFETY,38,82,Nonprofit Organization,Research & Development,Business Services
Big Data Engineer,62,119,Company - Private,Enterprise Software & Network Solutions,Information Technology
Data Scientist / Machine Learning Expert,86,143,Company - Public,Biotech & Pharmaceuticals,Biotech & Pharmaceuticals
Data Scientist,93,149,Company - Public,Telecommunications Services,Telecommunications
Senior Data Scientist,84,136,Subsidiary or Business Segment,Advertising & Marketing,Business Services
PV Scientist,60,123,Company - Public,Biotech & Pharmaceuticals,Biotech & Pharmaceuticals
Clinical Data Analyst,52,89,Company - Public,Research & Development,Business Services
Data Engineer,48,93,Company - Private,Computer Hardware & Software,Information Technology
Computational Chemist/Data Scientist,56,97,Government,Energy,"Oil, Gas, Energy & Utilities"
Data Engineer,65,119,Company - Private,Insurance Carriers,Insurance
Principal Data Scientist (Computational Chemistry),108,173,Company - Private,Biotech & Pharmaceuticals,Biotech & Pharmaceuticals
Product Engineer – Data Science,63,101,Company - Private,Computer Hardware & Software,Information Technology
"Principal Scientist, Chemistry & Immunology",54,115,Hospital,Health Care Services & Hospitals,Health Care
"Scientist/Senior Scientist, Autoimmune",90,179,Company - Public,Biotech & Pharmaceuticals,Biotech & Pharmaceuticals
Data Scientist,127,202,Company - Private,Advertising & Marketing,Business Services
Market Data Analyst,31,57,Company - Public,Telecommunications Manufacturing,Telecommunications
Software Engineer - Data Visualization,60,127,Company - Private,Computer Hardware & Software,Information Technology
Data Engineer,75,143,Company - Private,Enterprise Software & Network Solutions,Information Technology
Staff Data Engineer,105,194,Company - Private,Computer Hardware & Software,Information Technology
Associate Data Engineer,45,86,Company - Private,Research & Development,Business Services
Senior Data Scientist,95,154,Company - Public,Insurance Carriers,Insurance
Staff BI and Data Engineer,80,148,Company - Private,Advertising & Marketing,Business Services
Marketing Data Analyst,36,62,Nonprofit Organization,Banks & Credit Unions,Finance
"Principal Scientist, Hematology",54,115,Hospital,Health Care Services & Hospitals,Health Care
Data Analyst,50,92,Company - Private,IT Services,Information Technology
"Director - Data, Privacy and AI Governance",67,135,Company - Private,Insurance Carriers,Insurance
Data Scientist,82,132,Company - Private,Computer Hardware & Software,Information Technology
Data Scientist,85,140,Company - Private,Biotech & Pharmaceuticals,Biotech & Pharmaceuticals
Staff Machine Learning Engineer,138,224,Company - Private,Internet,Information Technology
Information Security Data Analyst,42,80,Company - Public,Computer Hardware & Software,Information Technology
Lead Data Engineer,190,220,Company - Private,Internet,Information Technology
Scientist Manufacturing - Kentucky BioProcessing,68,139,Company - Private,Consumer Products Manufacturing,Manufacturing
Data Analytics Project Manager,34,92,Company - Private,Insurance Carriers,Insurance
Consultant - Analytics Consulting,54,71,Company - Public,IT Services,Information Technology
Data Engineer,65,124,Company - Private,Health Care Services & Hospitals,Health Care
Marketing Data Analyst,35,62,Company - Private,Gambling,"Arts, Entertainment & Recreation"
Senior Scientist (Neuroscience),109,200,Company - Private,Biotech & Pharmaceuticals,Biotech & Pharmaceuticals
Medical Laboratory Scientist,37,52,Hospital,Health Care Services & Hospitals,Health Care
Machine Learning Engineer - Regulatory,61,113,Company - Public,Stock Exchanges,Finance
R&D Specialist/ Food Scientist,39,66,Company - Private,Food & Beverage Manufacturing,Manufacturing
Data Engineer,43,86,Company - Private,Research & Development,Business Services
"Scientist, Bacteriology",74,149,Company - Public,Biotech & Pharmaceuticals,Biotech & Pharmaceuticals
"Associate Director, Platform and DevOps- Data Engineering and Aritifical Intelligence",113,196,Company - Public,Biotech & Pharmaceuticals,Biotech & Pharmaceuticals
Senior Research Scientist-Machine Learning,81,167,College / University,Colleges & Universities,Education
Senior Data Scientist,97,160,Company - Private,Consulting,Business Services
Clinical Laboratory Scientist,50,81,Hospital,Health Care Services & Hospitals,Health Care
Analytics Manager - Data Mart,42,86,Nonprofit Organization,Health Care Services & Hospitals,Health Care
Sr. Data Engineer - Contract-to-Hire (Java),69,127,Company - Private,Gas Stations,Retail
Data Scientist - Algorithms & Inference,110,175,Company - Private,Enterprise Software & Network Solutions,Information Technology
Senior Data Scientist - R&D Oncology,102,172,Company - Public,Biotech & Pharmaceuticals,Biotech & Pharmaceuticals
Data Engineer,74,124,Nonprofit Organization,Insurance Carriers,Insurance
Food Scientist - Developer,40,68,Company - Private,Food & Beverage Manufacturing,Manufacturing
Senior Data Scientist,108,171,Company - Private,Computer Hardware & Software,Information Technology
Data Engineer,76,142,Company - Private,IT Services,Information Technology
"Director II, Data Science - GRM Actuarial",202,306,Company - Private,Insurance Carriers,Insurance
"Scientist, Molecular/Cellular Biologist",49,97,Subsidiary or Business Segment,Biotech & Pharmaceuticals,Biotech & Pharmaceuticals
Staff Scientist-Downstream Process Development,49,113,Company - Private,Biotech & Pharmaceuticals,Biotech & Pharmaceuticals
MED TECH/LAB SCIENTIST- SOUTH COASTAL LAB,44,71,Nonprofit Organization,Health Care Services & Hospitals,Health Care
Scientist - Analytical Services,65,134,Company - Private,Consumer Products Manufacturing,Manufacturing
Associate Data Analyst- Graduate Development Program,32,59,Company - Private,Insurance Carriers,Insurance
Sr. Data Engineer,87,158,Company - Private,Consulting,Business Services
Senior Insurance Data Scientist,107,173,Company - Public,Financial Analytics & Research,Finance
Senior Data Science Systems Engineer,56,99,Nonprofit Organization,Federal Agencies,Government
ENVIRONMENTAL ENGINEER/SCIENTIST,52,58,Company - Private,Construction,"Construction, Repair & Maintenance"
Senior Scientist - Regulatory Submissions,80,155,Company - Private,Consumer Products Manufacturing,Manufacturing
Scientist - Biomarker and Flow Cytometry,43,98,Company - Private,Biotech & Pharmaceuticals,Biotech & Pharmaceuticals
Revenue Analytics Manager,45,78,Company - Private,Computer Hardware & Software,Information Technology
"Associate Scientist, LC/MS Biologics",44,96,Company - Private,Biotech & Pharmaceuticals,Biotech & Pharmaceuticals
Sr. Scientist Method Development,50,110,Company - Private,Biotech & Pharmaceuticals,Biotech & Pharmaceuticals
IT - Data Engineer II,61,119,Company - Private,Insurance Carriers,Insurance
"Project Scientist - Auton Lab, Robotics Institute",56,91,College / University,Colleges & Universities,Education
Data Scientist,68,114,Subsidiary or Business Segment,Advertising & Marketing,Business Services
Data Scientist,150,160,Company - Private,Enterprise Software & Network Solutions,Information Technology
"Enterprise Architect, Data",101,158,Company - Private,Insurance Carriers,Insurance
"Senior Manager, Epidemiologic Data Scientist",125,210,Company - Public,Biotech & Pharmaceuticals,Biotech & Pharmaceuticals
Corporate Risk Data Analyst (SQL Based) - Milwaukee or,43,77,Company - Public,Banks & Credit Unions,Finance
Lead Data Scientist,139,221,Company - Private,Financial Analytics & Research,Finance
"Marketing Data Analyst, May 2020 Undergrad",44,86,Company - Private,Travel Agencies,Travel & Tourism
Senior Data Engineer,78,147,Company - Private,Computer Hardware & Software,Information Technology
Senior Data Analyst,65,110,Company - Private,"Department, Clothing, & Shoe Stores",Retail
Data Modeler - Data Solutions Engineer,37,66,Company - Private,Insurance Carriers,Insurance
Associate Environmental Scientist - Wildlife Biologist,38,64,Company - Private,Architectural & Engineering Services,Business Services
"Associate, Data Science, Internal Audit",43,82,Company - Private,Banks & Credit Unions,Finance
Sr Data Engineer (Sr BI Developer),90,110,Company - Public,Health Care Services & Hospitals,Health Care
Data Engineer,61,109,Company - Private,IT Services,Information Technology
Senior LiDAR Data Scientist,93,151,Company - Private,Computer Hardware & Software,Information Technology
Salesforce Analytics Consultant,52,81,Company - Private,Enterprise Software & Network Solutions,Information Technology
"Technology-Minded, Data Professional Opportunities",40,101,Company - Private,Lending,Finance
Senior Data Engineer,97,180,Company - Private,Security Services,Business Services
Managing Data Scientist/ML Engineer,81,134,Company - Private,Consulting,Business Services
"Scientist, Pharmacometrics",84,157,Company - Public,Biotech & Pharmaceuticals,Biotech & Pharmaceuticals
Staff Scientist- Upstream PD,49,113,Company - Private,Biotech & Pharmaceuticals,Biotech & Pharmaceuticals
Scientist Manufacturing Pharma - Kentucky BioProcessing,68,139,Company - Private,Consumer Products Manufacturing,Manufacturing
Sr. Data Engineer,75,140,Company - Public,Transportation Management,Transportation & Logistics
Lead Big Data Engineer,121,203,Company - Private,Internet,Information Technology
Product Engineer – Spatial Data Science and Statistical Analysis,52,85,Company - Private,Computer Hardware & Software,Information Technology
Sr Software Engineer (Data Scientist),81,140,Company - Public,Insurance Carriers,Insurance
College Hire - Data Scientist - Open to December 2019 Graduates,63,99,Company - Public,Industrial Manufacturing,Manufacturing
Senior Data Scientist,110,150,Company - Public,Real Estate,Real Estate
Sr. Data Engineer (ETL Developer),83,148,Subsidiary or Business Segment,Insurance Carriers,Insurance
Senior Data Scientist Artificial Intelligence,60,101,Government,Energy,"Oil, Gas, Energy & Utilities"
Analytics - Business Assurance Data Analyst,31,55,Company - Private,Lending,Finance
"Associate Director/Director, Safety Scientist",102,178,Company - Public,Biotech & Pharmaceuticals,Biotech & Pharmaceuticals
Data Analyst Senior,48,85,Company - Private,Insurance Carriers,Insurance
Lead Data Engineer (Python),66,123,Company - Private,Staffing & Outsourcing,Business Services
Senior Data Scientist 4 Artificial Intelligence,92,146,Government,Energy,"Oil, Gas, Energy & Utilities"
Medical Lab Scientist - MLT,44,60,Nonprofit Organization,Health Care Services & Hospitals,Health Care
"Senior Operations Data Analyst, Call Center Operations",21,37,Company - Public,Financial Transaction Processing,Finance
"Director II, Data Science - GRS Predictive Analytics",150,239,Company - Private,Insurance Carriers,Insurance
RESEARCH COMPUTER SCIENTIST - RESEARCH ENGINEER - SR. COMPUTER SCIENTIST - SOFTWARE DEVELOPMENT,52,91,Nonprofit Organization,Research & Development,Business Services
Geospatial Software Developer and Data Scientist,82,129,College / University,Colleges & Universities,Education
Senior Scientist - Toxicologist - Product Integrity (Stewardship),47,101,Company - Private,Consumer Products Manufacturing,Manufacturing
Systems Engineer II - Data Analyst,49,76,Company - Public,Aerospace & Defense,Aerospace & Defense
Senior Research Analytical Scientist-Non-Targeted Analysis,43,88,Nonprofit Organization,Research & Development,Business Services
Director Data Science,124,199,Company - Private,Advertising & Marketing,Business Services
Sr Data Analyst - IT,52,93,Other Organization,Biotech & Pharmaceuticals,Biotech & Pharmaceuticals
Senior Data Engineer,97,181,Company - Public,Computer Hardware & Software,Information Technology
Senior Data Engineer,100,173,Company - Private,Internet,Information Technology
Associate Machine Learning Engineer / Data Scientist May 2020 Undergrad,53,96,Company - Private,Travel Agencies,Travel & Tourism
Senior Scientist - Biostatistician,65,96,Company - Private,Consumer Products Manufacturing,Manufacturing
Data Scientist,56,95,Company - Public,Biotech & Pharmaceuticals,Biotech & Pharmaceuticals
Data Scientist,111,176,Company - Private,IT Services,Information Technology
Data Scientist,75,127,Company - Private,Aerospace & Defense,Aerospace & Defense
Data Engineer,65,119,Company - Private,Insurance Carriers,Insurance
Computational Chemist/Data Scientist,56,97,Government,Energy,"Oil, Gas, Energy & Utilities"
Principal Data Scientist (Computational Chemistry),108,173,Company - Private,Biotech & Pharmaceuticals,Biotech & Pharmaceuticals
Data Scientist,94,139,Company - Public,Investment Banking & Asset Management,Finance
Principal Machine Learning Scientist,176,289,Subsidiary or Business Segment,Computer Hardware & Software,Information Technology
Data Scientist,92,149,Company - Private,Enterprise Software & Network Solutions,Information Technology
Product Engineer – Data Science,63,101,Company - Private,Computer Hardware & Software,Information Technology
"Principal Scientist, Chemistry & Immunology",54,115,Hospital,Health Care Services & Hospitals,Health Care
Data Scientist,118,188,Company - Public,IT Services,Information Technology
Data Scientist,108,146,Company - Private,Internet,Information Technology
Data Scientist,65,106,Company - Private,Computer Hardware & Software,Information Technology
Data Scientist,55,98,Company - Public,Wholesale,Business Services
Data Scientist,94,162,Subsidiary or Business Segment,TV Broadcast & Cable Networks,Media
Data Engineer,63,120,Company - Private,Staffing & Outsourcing,Business Services
"Scientist/Senior Scientist, Autoimmune",90,179,Company - Public,Biotech & Pharmaceuticals,Biotech & Pharmaceuticals
Data Scientist,127,202,Company - Private,Advertising & Marketing,Business Services
Software Engineer - Data Visualization,60,127,Company - Private,Computer Hardware & Software,Information Technology
Market Data Analyst,31,57,Company - Public,Telecommunications Manufacturing,Telecommunications
Staff Data Engineer,105,194,Company - Private,Computer Hardware & Software,Information Technology
Associate Data Engineer,45,86,Company - Private,Research & Development,Business Services
Data Engineer,75,143,Company - Private,Enterprise Software & Network Solutions,Information Technology
Staff Data Engineer,126,228,Subsidiary or Business Segment,Computer Hardware & Software,Information Technology
Data Scientist,80,134,Company - Private,Aerospace & Defense,Aerospace & Defense
Data Scientist,120,189,Company - Private,Enterprise Software & Network Solutions,Information Technology
Data Scientist,85,142,Company - Private,Accounting,Accounting & Legal
Senior Data Scientist,95,154,Company - Public,Insurance Carriers,Insurance
Data Scientist,111,176,Company - Private,Biotech & Pharmaceuticals,Biotech & Pharmaceuticals
Data Scientist,87,140,Company - Private,IT Services,Information Technology
Data Scientist,76,127,Company - Public,Aerospace & Defense,Aerospace & Defense
"Data Analyst, Performance Partnership",54,92,Subsidiary or Business Segment,Health Care Products Manufacturing,Manufacturing
Data Scientist,61,100,Company - Public,Consulting,Business Services
Staff BI and Data Engineer,80,148,Company - Private,Advertising & Marketing,Business Services
Data Scientist,108,171,Company - Private,"Health, Beauty, & Fitness",Consumer Services
Data Scientist,112,179,Company - Private,IT Services,Information Technology
Data Scientist,63,111,Company - Private,Lending,Finance
Data Scientist,75,126,Company - Private,Banks & Credit Unions,Finance
Data Scientist Manager,110,184,Company - Public,Enterprise Software & Network Solutions,Information Technology
Data Engineer,76,145,Company - Private,Insurance Carriers,Insurance
Marketing Data Analyst,36,62,Nonprofit Organization,Banks & Credit Unions,Finance
Data Scientist,70,118,Company - Private,Consulting,Business Services
Senior Data Scientist,94,153,Company - Public,Enterprise Software & Network Solutions,Information Technology
"Principal Scientist, Hematology",54,115,Hospital,Health Care Services & Hospitals,Health Care
Data Analyst,50,92,Company - Private,IT Services,Information Technology
Software Data Engineer - College,49,97,Company - Public,Computer Hardware & Software,Information Technology
"Director - Data, Privacy and AI Governance",67,135,Company - Private,Insurance Carriers,Insurance
Staff Machine Learning Engineer,138,224,Company - Private,Internet,Information Technology
Data Scientist,80,139,Company - Public,Aerospace & Defense,Aerospace & Defense
Lead Data Scientist,158,211,Company - Public,IT Services,Information Technology
Senior Data Scientist - Algorithms,150,180,Company - Private,Enterprise Software & Network Solutions,Information Technology
Information Security Data Analyst,42,80,Company - Public,Computer Hardware & Software,Information Technology
Lead Data Engineer,190,220,Company - Private,Internet,Information Technology
Data Analyst,42,77,School / School District,K-12 Education,Education
Scientist Manufacturing - Kentucky BioProcessing,68,139,Company - Private,Consumer Products Manufacturing,Manufacturing
Consultant - Analytics Consulting,54,71,Company - Public,IT Services,Information Technology
Data Analytics Project Manager,34,92,Company - Private,Insurance Carriers,Insurance
Data Analyst,47,85,Company - Private,Health Care Services & Hospitals,Health Care
Data Engineer,65,124,Company - Private,Health Care Services & Hospitals,Health Care
Data Scientist,56,95,Company - Private,Education Training Services,Education
Machine Learning Engineer,62,112,Company - Public,Aerospace & Defense,Aerospace & Defense
Senior Data Scientist Oncology,107,173,Company - Public,Biotech & Pharmaceuticals,Biotech & Pharmaceuticals
Data Scientist,64,108,Company - Private,IT Services,Information Technology
Senior Data Scientist,89,144,Company - Private,Internet,Information Technology
Senior Scientist (Neuroscience),109,200,Company - Private,Biotech & Pharmaceuticals,Biotech & Pharmaceuticals
Machine Learning Engineer - Regulatory,61,113,Company - Public,Stock Exchanges,Finance
Marketing Data Analyst,35,62,Company - Private,Gambling,"Arts, Entertainment & Recreation"
Data Engineer,55,105,Company - Private,IT Services,Information Technology
Medical Laboratory Scientist,37,52,Hospital,Health Care Services & Hospitals,Health Care
R&D Specialist/ Food Scientist,39,66,Company - Private,Food & Beverage Manufacturing,Manufacturing
Principal Data Scientist,135,211,Company - Public,Aerospace & Defense,Aerospace & Defense
Data Engineer,57,80,Company - Private,Biotech & Pharmaceuticals,Biotech & Pharmaceuticals
Data Scientist - Alpha Insights,129,215,Company - Private,Investment Banking & Asset Management,Finance
"Data Scientist, Office of Data Science",86,143,Company - Private,Insurance Carriers,Insurance
"Associate Principal Scientist, Pharmacogenomics",63,127,Company - Public,Biotech & Pharmaceuticals,Biotech & Pharmaceuticals
Data Scientist - Systems Engineering,50,89,Nonprofit Organization,Federal Agencies,Government
Data Engineer,43,86,Company - Private,Research & Development,Business Services
"Scientist, Bacteriology",74,149,Company - Public,Biotech & Pharmaceuticals,Biotech & Pharmaceuticals
Data Scientist,71,124,Company - Private,Consumer Product Rental,Consumer Services
"Associate Director, Platform and DevOps- Data Engineering and Aritifical Intelligence",113,196,Company - Public,Biotech & Pharmaceuticals,Biotech & Pharmaceuticals
Senior Research Scientist-Machine Learning,81,167,College / University,Colleges & Universities,Education
Data Scientist,69,121,Company - Private,Health Care Services & Hospitals,Health Care
Senior Data Scientist,97,160,Company - Private,Consulting,Business Services
Principal Data Scientist,150,238,Subsidiary or Business Segment,Enterprise Software & Network Solutions,Information Technology
Data Scientist,77,132,Company - Public,Advertising & Marketing,Business Services
Clinical Laboratory Scientist,50,81,Hospital,Health Care Services & Hospitals,Health Care
Data Engineer - Consultant (Charlotte Based),59,112,Company - Private,IT Services,Information Technology
"Data Analyst 1, full-time contract worker for up to 12 months",35,65,Nonprofit Organization,Religious Organizations,Non-Profit
Data Engineer,79,147,Company - Public,Video Games,Media
"Scientist, Immuno-Oncology",62,119,Company - Public,Biotech & Pharmaceuticals,Biotech & Pharmaceuticals
Senior Data Scientist,119,187,Company - Private,Computer Hardware & Software,Information Technology
Products Data Analyst II,90,157,Company - Public,Consulting,Business Services
Lead Data Analyst,32,62,Company - Private,Internet,Information Technology
Analytics Manager - Data Mart,42,86,Nonprofit Organization,Health Care Services & Hospitals,Health Care
Data Science Engineer - Mobile,116,208,Company - Public,Computer Hardware & Software,Information Technology
Senior Data Scientist - R&D Oncology,102,172,Company - Public,Biotech & Pharmaceuticals,Biotech & Pharmaceuticals
Sr. Data Engineer - Contract-to-Hire (Java),69,127,Company - Private,Gas Stations,Retail
Data Scientist,86,144,Company - Public,Insurance Agencies & Brokerages,Insurance
Senior Data Scientist,102,165,Company - Public,Biotech & Pharmaceuticals,Biotech & Pharmaceuticals
Data Engineer,74,124,Nonprofit Organization,Insurance Carriers,Insurance
Food Scientist - Developer,40,68,Company - Private,Food & Beverage Manufacturing,Manufacturing
Senior Data Engineer,76,142,Company - Private,Health Care Services & Hospitals,Health Care
Data Engineer,76,142,Company - Private,IT Services,Information Technology
Senior Data Scientist,108,171,Company - Private,Computer Hardware & Software,Information Technology
"Director II, Data Science - GRM Actuarial",202,306,Company - Private,Insurance Carriers,Insurance
Machine Learning Engineer,91,159,Company - Private,Computer Hardware & Software,Information Technology
"Sr Expert Data Science, Advanced Visual Analytics (Associate level)",80,133,Company - Public,Biotech & Pharmaceuticals,Biotech & Pharmaceuticals
"Scientist, Molecular/Cellular Biologist",49,97,Subsidiary or Business Segment,Biotech & Pharmaceuticals,Biotech & Pharmaceuticals
Staff Scientist-Downstream Process Development,49,113,Company - Private,Biotech & Pharmaceuticals,Biotech & Pharmaceuticals
MED TECH/LAB SCIENTIST- SOUTH COASTAL LAB,44,71,Nonprofit Organization,Health Care Services & Hospitals,Health Care
Scientist - Analytical Services,65,134,Company - Private,Consumer Products Manufacturing,Manufacturing
Associate Data Analyst- Graduate Development Program,32,59,Company - Private,Insurance Carriers,Insurance
IT Associate Data Analyst,39,69,Company - Public,Insurance Carriers,Insurance
Sr. Data Engineer,87,158,Company - Private,Consulting,Business Services
Clinical Data Analyst,27,48,Subsidiary or Business Segment,Enterprise Software & Network Solutions,Information Technology
Business Data Analyst,36,71,Company - Private,Travel Agencies,Travel & Tourism
Senior Insurance Data Scientist,107,173,Company - Public,Financial Analytics & Research,Finance
Senior Data Science Systems Engineer,56,99,Nonprofit Organization,Federal Agencies,Government
ENVIRONMENTAL ENGINEER/SCIENTIST,52,58,Company - Private,Construction,"Construction, Repair & Maintenance"
Senior Scientist - Regulatory Submissions,80,155,Company - Private,Consumer Products Manufacturing,Manufacturing
Scientist - Biomarker and Flow Cytometry,43,98,Company - Private,Biotech & Pharmaceuticals,Biotech & Pharmaceuticals
"Associate Scientist, LC/MS Biologics",44,96,Company - Private,Biotech & Pharmaceuticals,Biotech & Pharmaceuticals
Revenue Analytics Manager,45,78,Company - Private,Computer Hardware & Software,Information Technology
Sr. Scientist Method Development,50,110,Company - Private,Biotech & Pharmaceuticals,Biotech & Pharmaceuticals
Data Scientist,60,99,Company - Private,Computer Hardware & Software,Information Technology
Data Scientist - Sales,130,206,Company - Private,Computer Hardware & Software,Information Technology
IT - Data Engineer II,61,119,Company - Private,Insurance Carriers,Insurance
Senior Data Analyst,99,178,Company - Public,Computer Hardware & Software,Information Technology
"Principal, Data Science - Advanced Analytics",86,137,Company - Public,Biotech & Pharmaceuticals,Biotech & Pharmaceuticals
Data Science Project Manager,37,100,Company - Private,Insurance Carriers,Insurance
"Sr Scientist, Immuno-Oncology - Oncology",58,111,Company - Public,Biotech & Pharmaceuticals,Biotech & Pharmaceuticals
Senior Data Engineer,72,133,Company - Public,Internet,Information Technology
"Project Scientist - Auton Lab, Robotics Institute",56,91,College / University,Colleges & Universities,Education
Research Scientist – Security and Privacy,61,126,Nonprofit Organization,Federal Agencies,Government
Data Science Manager,95,160,Company - Private,Staffing & Outsourcing,Business Services
Data Analyst 2 (Missionary Department),53,91,Nonprofit Organization,Religious Organizations,Non-Profit
"Enterprise Architect, Data",101,158,Company - Private,Insurance Carriers,Insurance
Supply Chain Data Analyst,33,61,Company - Private,Consumer Products Manufacturing,Manufacturing
Data Engineer - ETL,44,86,Subsidiary or Business Segment,Consumer Product Rental,Consumer Services
Corporate Risk Data Analyst (SQL Based) - Milwaukee or,43,77,Company - Public,Banks & Credit Unions,Finance
"Senior Manager, Epidemiologic Data Scientist",125,210,Company - Public,Biotech & Pharmaceuticals,Biotech & Pharmaceuticals
"Marketing Data Analyst, May 2020 Undergrad",44,86,Company - Private,Travel Agencies,Travel & Tourism
Senior Data Analyst,69,119,Company - Private,Enterprise Software & Network Solutions,Information Technology
Senior Data Analyst,65,110,Company - Private,"Department, Clothing, & Shoe Stores",Retail
Senior Data Engineer,67,127,Company - Private,Enterprise Software & Network Solutions,Information Technology
Senior Data Engineer,78,147,Company - Private,Computer Hardware & Software,Information Technology
Data Modeler (Analytical Systems),66,117,Company - Private,Insurance Carriers,Insurance
Data Modeler - Data Solutions Engineer,37,66,Company - Private,Insurance Carriers,Insurance
Data Scientist in Translational Medicine,86,143,Company - Public,Biotech & Pharmaceuticals,Biotech & Pharmaceuticals
Data Scientist,84,146,Company - Private,Consulting,Business Services
Product Manager/Data Evangelist,50,98,Company - Private,Staffing & Outsourcing,Business Services
Associate Environmental Scientist - Wildlife Biologist,38,64,Company - Private,Architectural & Engineering Services,Business Services
Sr Data Engineer (Sr BI Developer),90,110,Company - Public,Health Care Services & Hospitals,Health Care
"Senior Data Scientist – Visualization, Novartis AI Innovation Lab",92,150,Company - Public,Biotech & Pharmaceuticals,Biotech & Pharmaceuticals
Senior Data Analyst/Scientist,90,153,Company - Private,Computer Hardware & Software,Information Technology
"Associate, Data Science, Internal Audit",43,82,Company - Private,Banks & Credit Unions,Finance
Senior LiDAR Data Scientist,93,151,Company - Private,Computer Hardware & Software,Information Technology
Data Engineer,61,109,Company - Private,IT Services,Information Technology
Data Engineer,42,79,Company - Private,IT Services,Information Technology
Lead Data Scientist,139,221,Company - Private,Financial Analytics & Research,Finance
"Technology-Minded, Data Professional Opportunities",40,101,Company - Private,Lending,Finance
Big Data Engineer,84,153,Company - Private,Aerospace & Defense,Aerospace & Defense
Salesforce Analytics Consultant,52,81,Company - Private,Enterprise Software & Network Solutions,Information Technology
Managing Data Scientist/ML Engineer,81,134,Company - Private,Consulting,Business Services
Senior Data Engineer,97,180,Company - Private,Security Services,Business Services
Staff Scientist- Upstream PD,49,113,Company - Private,Biotech & Pharmaceuticals,Biotech & Pharmaceuticals
Data Engineering Analyst,44,73,Company - Private,Insurance Carriers,Insurance
Sr. Data Engineer,75,140,Company - Public,Transportation Management,Transportation & Logistics
"Scientist, Pharmacometrics",84,157,Company - Public,Biotech & Pharmaceuticals,Biotech & Pharmaceuticals
Manager of Data Science,40,87,Company - Private,Internet,Information Technology
Scientist Manufacturing Pharma - Kentucky BioProcessing,68,139,Company - Private,Consumer Products Manufacturing,Manufacturing
Software Engineer (Data Scientist/Software Engineer) - SISW - MG,72,142,Company - Public,Computer Hardware & Software,Information Technology
Data Engineer,74,137,Company - Public,Aerospace & Defense,Aerospace & Defense
Data Engineer,57,109,Company - Private,Insurance Carriers,Insurance
Lead Big Data Engineer,121,203,Company - Private,Internet,Information Technology
Product Engineer – Spatial Data Science and Statistical Analysis,52,85,Company - Private,Computer Hardware & Software,Information Technology
Sr Software Engineer (Data Scientist),81,140,Company - Public,Insurance Carriers,Insurance
Sr. Data Engineer (ETL Developer),83,148,Subsidiary or Business Segment,Insurance Carriers,Insurance
Associate Research Scientist I (Protein Expression and Production),59,116,Company - Public,Biotech & Pharmaceuticals,Biotech & Pharmaceuticals
Senior Data Scientist Artificial Intelligence,60,101,Government,Energy,"Oil, Gas, Energy & Utilities"
Analytics - Business Assurance Data Analyst,31,55,Company - Private,Lending,Finance
"Associate Director/Director, Safety Scientist",102,178,Company - Public,Biotech & Pharmaceuticals,Biotech & Pharmaceuticals
"Director, Precision Medicine Clinical Biomarker Scientist",136,208,Company - Public,Biotech & Pharmaceuticals,Biotech & Pharmaceuticals
Data Analyst Senior,48,85,Company - Private,Insurance Carriers,Insurance
Senior Formulations Scientist II,71,129,Company - Public,Biotech & Pharmaceuticals,Biotech & Pharmaceuticals
Lead Data Engineer (Python),66,123,Company - Private,Staffing & Outsourcing,Business Services
Data Science Manager,171,272,Company - Private,Health Care Services & Hospitals,Health Care
Senior Data Scientist 4 Artificial Intelligence,92,146,Government,Energy,"Oil, Gas, Energy & Utilities"
Data Engineer,65,126,Company - Private,Consulting,Business Services
"Director II, Data Science - GRS Predictive Analytics",150,239,Company - Private,Insurance Carriers,Insurance
Medical Lab Scientist - MLT,44,60,Nonprofit Organization,Health Care Services & Hospitals,Health Care
"Senior Operations Data Analyst, Call Center Operations",21,35,Company - Public,Financial Transaction Processing,Finance
Senior Quantitative Analyst,118,228,Company - Private,Brokerage Services,Finance
Geospatial Software Developer and Data Scientist,82,129,College / University,Colleges & Universities,Education
RESEARCH COMPUTER SCIENTIST - RESEARCH ENGINEER - SR. COMPUTER SCIENTIST - SOFTWARE DEVELOPMENT,52,91,Nonprofit Organization,Research & Development,Business Services
Senior Scientist - Toxicologist - Product Integrity (Stewardship),47,101,Company - Private,Consumer Products Manufacturing,Manufacturing
Systems Engineer II - Data Analyst,49,76,Company - Public,Aerospace & Defense,Aerospace & Defense
Senior Research Analytical Scientist-Non-Targeted Analysis,43,88,Nonprofit Organization,Research & Development,Business Services
Data Scientist,61,109,Company - Public,Sporting Goods Stores,Retail
Principal Data Scientist,113,182,Company - Public,Biotech & Pharmaceuticals,Biotech & Pharmaceuticals
Director Data Science,124,199,Company - Private,Advertising & Marketing,Business Services
Data Engineer,58,104,Nonprofit Organization,Health Care Services & Hospitals,Health Care
Sr Data Analyst - IT,52,93,Other Organization,Biotech & Pharmaceuticals,Biotech & Pharmaceuticals
Senior Data Engineer,97,181,Company - Public,Computer Hardware & Software,Information Technology
Senior Data Engineer,100,173,Company - Private,Internet,Information Technology
Sr. Data Analyst,58,108,Company - Private,Internet,Information Technology
Research Scientist or Senior Research Scientist - Computer Vision,81,161,Subsidiary or Business Segment,Research & Development,Business Services
Associate Machine Learning Engineer / Data Scientist May 2020 Undergrad,53,96,Company - Private,Travel Agencies,Travel & Tourism
Data Analyst Chemist - Quality System Contractor,61,110,Company - Private,Beauty & Personal Accessories Stores,Retail
Senior Scientist - Biostatistician,65,96,Company - Private,Consumer Products Manufacturing,Manufacturing
Research Scientist / Principal Research Scientist - Multiphysical Systems,115,220,Subsidiary or Business Segment,Research & Development,Business Services
"Research Scientist, Machine Learning Department",71,144,College / University,Colleges & Universities,Education
Foundational Community Supports Data Analyst,32,57,Nonprofit Organization,Social Assistance,Non-Profit
"Senior Health Data Analyst, Star Ratings",79,136,Company - Private,Health Care Services & Hospitals,Health Care
Sr. Data Analyst,50,89,Company - Private,Health Care Services & Hospitals,Health Care
"Senior Engineer, Data Management Engineering",68,129,Company - Public,Computer Hardware & Software,Information Technology
Quality Control Scientist III- Analytical Development,48,113,Company - Private,Biotech & Pharmaceuticals,Biotech & Pharmaceuticals
"Clinical Scientist, Clinical Development",56,98,Company - Private,Biotech & Pharmaceuticals,Biotech & Pharmaceuticals
Software Engineer Staff Scientist: Human Language Technologies,74,124,Company - Public,Aerospace & Defense,Aerospace & Defense
"Manager, Safety Scientist, Medical Safety & Risk Management",68,125,Company - Public,Biotech & Pharmaceuticals,Biotech & Pharmaceuticals
"Assistant Director/Director, Office of Data Science",39,67,Company - Private,Insurance Carriers,Insurance
Sr. Data Engineer | Big Data SaaS Pipeline,71,135,Company - Private,Enterprise Software & Network Solutions,Information Technology
Senior Risk Data Scientist,107,172,Company - Public,Financial Transaction Processing,Finance
Data Scientist in Artificial Intelligence Early Career,49,85,Government,Energy,"Oil, Gas, Energy & Utilities"
Consultant - Analytics Consulting,54,71,Company - Public,IT Services,Information Technology
Scientist - CVRM Metabolism - in vivo pharmacology,61,123,Company - Public,Biotech & Pharmaceuticals,Biotech & Pharmaceuticals
Data Analyst,47,85,Company - Private,Health Care Services & Hospitals,Health Care
Data Engineer,65,124,Company - Private,Health Care Services & Hospitals,Health Care
Data Scientist,87,141,Company - Private,Advertising & Marketing,Business Services
Data Scientist,56,95,Company - Private,Education Training Services,Education
Data Scientist,71,121,School / School District,K-12 Education,Education
Machine Learning Engineer,62,112,Company - Public,Aerospace & Defense,Aerospace & Defense
Data Scientist,64,108,Company - Private,IT Services,Information Technology
Senior Data Scientist,89,144,Company - Private,Internet,Information Technology
Senior Scientist (Neuroscience),109,200,Company - Private,Biotech & Pharmaceuticals,Biotech & Pharmaceuticals
Marketing Data Analyst,35,62,Company - Private,Gambling,"Arts, Entertainment & Recreation"
Machine Learning Engineer - Regulatory,61,113,Company - Public,Stock Exchanges,Finance
Data Engineer,55,105,Company - Private,IT Services,Information Technology
Medical Laboratory Scientist,37,52,Hospital,Health Care Services & Hospitals,Health Care
Principal Data Scientist,135,211,Company - Public,Aerospace & Defense,Aerospace & Defense
R&D Specialist/ Food Scientist,39,66,Company - Private,Food & Beverage Manufacturing,Manufacturing
Data Engineer,57,80,Company - Private,Biotech & Pharmaceuticals,Biotech & Pharmaceuticals
"Associate Principal Scientist, Pharmacogenomics",63,127,Company - Public,Biotech & Pharmaceuticals,Biotech & Pharmaceuticals
Data Scientist - Systems Engineering,50,89,Nonprofit Organization,Federal Agencies,Government
Senior Data Scientist,82,132,Subsidiary or Business Segment,Metals Brokers,Mining & Metals
Data Scientist SR,85,139,Company - Private,IT Services,Information Technology
Data Scientist,72,121,Company - Private,Consulting,Business Services
"Scientist, Bacteriology",74,149,Company - Public,Biotech & Pharmaceuticals,Biotech & Pharmaceuticals
"Associate Director, Platform and DevOps- Data Engineering and Aritifical Intelligence",113,196,Company - Public,Biotech & Pharmaceuticals,Biotech & Pharmaceuticals
Data Scientist,69,121,Company - Private,Health Care Services & Hospitals,Health Care
Data Scientist,71,124,Company - Private,Consumer Product Rental,Consumer Services
Senior Data Scientist,97,160,Company - Private,Consulting,Business Services
Senior Research Scientist-Machine Learning,81,167,College / University,Colleges & Universities,Education
Principal Data Scientist,150,238,Subsidiary or Business Segment,Enterprise Software & Network Solutions,Information Technology
Clinical Laboratory Scientist,50,81,Hospital,Health Care Services & Hospitals,Health Care
"Data Analyst 1, full-time contract worker for up to 12 months",35,65,Nonprofit Organization,Religious Organizations,Non-Profit
Data Scientist,77,132,Company - Public,Advertising & Marketing,Business Services
Data Scientist,51,88,Company - Private,IT Services,Information Technology
Data Scientist,101,141,Company - Private,Colleges & Universities,Education
Data Engineer - Consultant (Charlotte Based),59,112,Company - Private,IT Services,Information Technology
Data Engineer,79,147,Company - Public,Video Games,Media
Data Scientist (Warehouse Automation),79,127,Subsidiary or Business Segment,Consumer Products Manufacturing,Manufacturing
"Scientist, Immuno-Oncology",62,119,Company - Public,Biotech & Pharmaceuticals,Biotech & Pharmaceuticals
Senior Data Scientist,119,187,Company - Private,Computer Hardware & Software,Information Technology
Jr. Data Scientist,81,132,Nonprofit Organization,Federal Agencies,Government
Senior Data Scientist,120,140,Company - Private,Computer Hardware & Software,Information Technology
Products Data Analyst II,90,157,Company - Public,Consulting,Business Services
Data Architect / Data Modeler,63,110,Company - Public,Enterprise Software & Network Solutions,Information Technology
Analytics Manager - Data Mart,42,86,Nonprofit Organization,Health Care Services & Hospitals,Health Care
Lead Data Analyst,32,62,Company - Private,Internet,Information Technology
Data Science Engineer - Mobile,116,208,Company - Public,Computer Hardware & Software,Information Technology
Senior Data Scientist Oncology,107,173,Company - Public,Biotech & Pharmaceuticals,Biotech & Pharmaceuticals
Data Scientist,65,113,Company - Private,IT Services,Information Technology
Sr. Data Engineer - Contract-to-Hire (Java),69,127,Company - Private,Gas Stations,Retail
Senior Data Scientist - R&D Oncology,102,172,Company - Public,Biotech & Pharmaceuticals,Biotech & Pharmaceuticals
Data Engineer,74,124,Nonprofit Organization,Insurance Carriers,Insurance
Food Scientist - Developer,40,68,Company - Private,Food & Beverage Manufacturing,Manufacturing
Senior Data Engineer,76,142,Company - Private,Health Care Services & Hospitals,Health Care
Data Engineer,76,142,Company - Private,IT Services,Information Technology
Senior Data Scientist,108,171,Company - Private,Computer Hardware & Software,Information Technology
"Director II, Data Science - GRM Actuarial",202,306,Company - Private,Insurance Carriers,Insurance
Machine Learning Engineer,91,159,Company - Private,Computer Hardware & Software,Information Technology
"Sr Expert Data Science, Advanced Visual Analytics (Associate level)",80,133,Company - Public,Biotech & Pharmaceuticals,Biotech & Pharmaceuticals
MED TECH/LAB SCIENTIST- SOUTH COASTAL LAB,44,71,Nonprofit Organization,Health Care Services & Hospitals,Health Care
"Scientist, Molecular/Cellular Biologist",49,97,Subsidiary or Business Segment,Biotech & Pharmaceuticals,Biotech & Pharmaceuticals
Staff Scientist-Downstream Process Development,49,113,Company - Private,Biotech & Pharmaceuticals,Biotech & Pharmaceuticals
Data Scientist,96,161,Company - Private,Staffing & Outsourcing,Business Services
Scientist - Analytical Services,65,134,Company - Private,Consumer Products Manufacturing,Manufacturing
"Associate Scientist / Sr. Associate Scientist, Antibody Discovery",59,125,Company - Private,Biotech & Pharmaceuticals,Biotech & Pharmaceuticals
Associate Data Analyst- Graduate Development Program,32,59,Company - Private,Insurance Carriers,Insurance
Sr. Data Engineer,87,158,Company - Private,Consulting,Business Services
Clinical Data Analyst,27,48,Subsidiary or Business Segment,Enterprise Software & Network Solutions,Information Technology
IT Associate Data Analyst,39,69,Company - Public,Insurance Carriers,Insurance
Business Data Analyst,36,71,Company - Private,Travel Agencies,Travel & Tourism
Senior Insurance Data Scientist,107,173,Company - Public,Financial Analytics & Research,Finance
Senior Data Science Systems Engineer,56,99,Nonprofit Organization,Federal Agencies,Government
ENVIRONMENTAL ENGINEER/SCIENTIST,52,58,Company - Private,Construction,"Construction, Repair & Maintenance"
Senior Scientist - Regulatory Submissions,80,155,Company - Private,Consumer Products Manufacturing,Manufacturing
Scientist - Biomarker and Flow Cytometry,43,98,Company - Private,Biotech & Pharmaceuticals,Biotech & Pharmaceuticals
Revenue Analytics Manager,45,78,Company - Private,Computer Hardware & Software,Information Technology
Sr. Scientist Method Development,50,110,Company - Private,Biotech & Pharmaceuticals,Biotech & Pharmaceuticals
"Associate Scientist, LC/MS Biologics",44,96,Company - Private,Biotech & Pharmaceuticals,Biotech & Pharmaceuticals
IT - Data Engineer II,61,119,Company - Private,Insurance Carriers,Insurance
Machine Learning Engineer (NLP),80,142,Company - Private,K-12 Education,Education
Senior Data Analyst,99,178,Company - Public,Computer Hardware & Software,Information Technology
Data Science Project Manager,37,100,Company - Private,Insurance Carriers,Insurance
Data Engineer,62,113,Company - Private,Internet,Information Technology
"Principal, Data Science - Advanced Analytics",86,137,Company - Public,Biotech & Pharmaceuticals,Biotech & Pharmaceuticals
"Sr Scientist, Immuno-Oncology - Oncology",58,111,Company - Public,Biotech & Pharmaceuticals,Biotech & Pharmaceuticals
Senior Data Engineer,72,133,Company - Public,Internet,Information Technology
"Project Scientist - Auton Lab, Robotics Institute",56,91,College / University,Colleges & Universities,Education
Data Science Manager,95,160,Company - Private,Staffing & Outsourcing,Business Services
Research Scientist – Security and Privacy,61,126,Nonprofit Organization,Federal Agencies,Government
